{"probs":[1],"support":[{"lam":0.9597745737115858,"mu":0.6804404391703783,"nu":0.8256093748462178}]}